{
  "inputs": {
    "runs_roots": [
      "data/outputs/ppsn2026/toxsearch_s"
    ],
    "per_run_gen0_counts": {
      "toxsearch_s/20260406_0115": 99,
      "toxsearch_s/20260407_0142": 100,
      "toxsearch_s/20260407_1428": 98,
      "toxsearch_s/20260408_0206": 98,
      "toxsearch_s/20260409_0354": 100,
      "toxsearch_s/20260409_1707": 99,
      "toxsearch_s/20260410_1929": 100
    },
    "max_exhaustive_triples_n": 130,
    "random_triple_samples": 400000,
    "n_records": 694,
    "n_unique_prompts_level_a": 100,
    "n_instances_level_b": 694,
    "phenotype_score_order": [
      "toxicity",
      "threat",
      "profanity",
      "sexually_explicit",
      "identity_attack",
      "flirtation",
      "insult",
      "severe_toxicity"
    ],
    "weights": {
      "w_genotype": 0.7,
      "w_phenotype": 0.3
    },
    "thresholds": {
      "theta_sim": 0.25,
      "theta_merge": 0.25
    }
  },
  "level_a": {
    "n_pairs": 4950,
    "d_genotype_norm": {
      "min": 0.0426495020886572,
      "q1": 0.39915458705324136,
      "median": 0.43437306965369565,
      "q3": 0.4660314971919658,
      "max": 0.5714322336137502,
      "mean": 0.42861538542496513,
      "std": 0.05501297217958306
    },
    "d_phenotype": {
      "min": 0.0,
      "q1": 0.01091615424356892,
      "median": 0.022321305713947606,
      "q3": 0.03483566302465546,
      "max": 0.0871970755577712,
      "mean": 0.024326629768390697,
      "std": 0.016369658833621334
    },
    "d_ensemble": {
      "min": 0.03768822735206645,
      "q1": 0.2855730916270278,
      "median": 0.31124286557332326,
      "q3": 0.33381044566839724,
      "max": 0.4151165224091746,
      "mean": 0.30732875872799276,
      "std": 0.03940445014600715
    },
    "calibration": {
      "frac_pairs_below_theta_sim": 0.07858585858585859,
      "frac_pairs_below_theta_merge": 0.07858585858585859,
      "frac_pairs_above_theta_sim": 0.9214141414141415
    },
    "triple_slack": {
      "n_triples": 161700,
      "s1_tight_summary": {
        "min": 0.0009290055774641148,
        "q1": 0.226330395687915,
        "median": 0.25772843098379417,
        "q3": 0.2836194511063033,
        "max": 0.38675666032176986,
        "mean": 0.2520122662492168,
        "std": 0.044414516209163236
      },
      "s2_tight_summary": {
        "min": 0.2485176078007189,
        "q1": 0.7816637543349475,
        "median": 0.8498397533952582,
        "q3": 0.9077695780505943,
        "max": 1.1667679565524913,
        "mean": 0.8390115374658144,
        "std": 0.09848474141529155
      },
      "n_triples_with_any_TI_violation": 0,
      "max_TI_violation_magnitude": 0.0,
      "min_s2_over_all_sides": 0.2485176078007189,
      "fraction_triples_s1_negative": 0.0,
      "mode": "exhaustive"
    },
    "triple_slack_plot": {
      "n_triples": 161700,
      "mode": "exhaustive"
    },
    "cosine_vs_angular": {
      "spearman_rho_cosine_vs_angular": 0.9999999999999999,
      "max_abs_gap": 0.10476114228116717
    }
  },
  "level_b": {
    "n_pairs_reported": 5000,
    "d_genotype_norm": {
      "min": 0.0,
      "q1": 0.3981446687827316,
      "median": 0.4344241868059594,
      "q3": 0.46622515688411803,
      "max": 0.5697223340185943,
      "mean": 0.42516399375404806,
      "std": 0.06797361133067294
    },
    "d_phenotype": {
      "min": 0.0,
      "q1": 0.010312310604321414,
      "median": 0.02175014366582257,
      "q3": 0.03483564984322813,
      "max": 0.0841603974562858,
      "mean": 0.023667798897729585,
      "std": 0.016203021050559156
    },
    "d_ensemble": {
      "min": 0.0,
      "q1": 0.2851459720943494,
      "median": 0.31138726303215114,
      "q3": 0.3337423790624444,
      "max": 0.41510682762393286,
      "mean": 0.3047151352971525,
      "std": 0.048703027182533554
    },
    "calibration": {
      "frac_pairs_below_theta_sim": 0.0904,
      "frac_pairs_below_theta_merge": 0.0904,
      "frac_pairs_above_theta_sim": 0.9096
    }
  },
  "weight_sweep_gen0": {
    "method": "Gen0Clustering.run (production leader-follower, two-phase Gen-0)",
    "theta_sim": 0.25,
    "min_island_size": 5,
    "n_points": 100,
    "rows": [
      {
        "w_genotype": 1.0,
        "w_phenotype": 0.0,
        "median_pairwise_d": 0.43437306965369565,
        "mean_pairwise_d": 0.42861538542496513,
        "frac_pairs_below_theta": 0.006060606060606061,
        "n_species_formed": 0,
        "n_individuals_in_reserves": 100,
        "spearman_d_vs_d_genotype": 0.9999999999999999,
        "spearman_d_vs_d_phenotype": 0.10356310211470793
      },
      {
        "w_genotype": 0.9,
        "w_phenotype": 0.1,
        "median_pairwise_d": 0.39329997783396875,
        "mean_pairwise_d": 0.3881865098593077,
        "frac_pairs_below_theta": 0.012121212121212121,
        "n_species_formed": 2,
        "n_individuals_in_reserves": 90,
        "spearman_d_vs_d_genotype": 0.9993055115304643,
        "spearman_d_vs_d_phenotype": 0.1363310147358875
      },
      {
        "w_genotype": 0.8,
        "w_phenotype": 0.2,
        "median_pairwise_d": 0.3523473947456098,
        "mean_pairwise_d": 0.34775763429365025,
        "frac_pairs_below_theta": 0.029292929292929294,
        "n_species_formed": 4,
        "n_individuals_in_reserves": 80,
        "spearman_d_vs_d_genotype": 0.9965648331575805,
        "spearman_d_vs_d_phenotype": 0.1767170156249223
      },
      {
        "w_genotype": 0.7,
        "w_phenotype": 0.3,
        "median_pairwise_d": 0.31124286557332326,
        "mean_pairwise_d": 0.30732875872799276,
        "frac_pairs_below_theta": 0.07858585858585859,
        "n_species_formed": 7,
        "n_individuals_in_reserves": 56,
        "spearman_d_vs_d_genotype": 0.9902257447291396,
        "spearman_d_vs_d_phenotype": 0.22676270276495242
      },
      {
        "w_genotype": 0.6,
        "w_phenotype": 0.4,
        "median_pairwise_d": 0.27023793518133143,
        "mean_pairwise_d": 0.2668998831623353,
        "frac_pairs_below_theta": 0.2717171717171717,
        "n_species_formed": 10,
        "n_individuals_in_reserves": 12,
        "spearman_d_vs_d_genotype": 0.9773002916720427,
        "spearman_d_vs_d_phenotype": 0.2905075970957093
      },
      {
        "w_genotype": 0.5,
        "w_phenotype": 0.5,
        "median_pairwise_d": 0.22902123824268691,
        "mean_pairwise_d": 0.22647100759667796,
        "frac_pairs_below_theta": 0.7967676767676768,
        "n_species_formed": 5,
        "n_individuals_in_reserves": 7,
        "spearman_d_vs_d_genotype": 0.9524022868529499,
        "spearman_d_vs_d_phenotype": 0.37270020494082856
      }
    ]
  }
}