{
  "n_genomes_both_evaluators": 5655,
  "n_google_f0": 100,
  "n_openai_f0": 144,
  "n_google_fronts": 28,
  "n_openai_fronts": 99,
  "n_same_rank": 132,
  "frac_same_rank": 0.0233,
  "n_both_on_f0": 16,
  "frac_both_on_f0": 0.0028,
  "n_google_f0_only": 84,
  "n_openai_f0_only": 128,
  "n_neither_f0": 5427,
  "jaccard_f0_sets": 0.0702,
  "rank_diff_mean": 45.67780725022104,
  "rank_diff_median": 68.0,
  "rank_diff_std": 36.9980594630797,
  "rank_diff_min": -20,
  "rank_diff_max": 96,
  "n_rank_diff_zero": 132,
  "n_openai_rank_higher": 4562,
  "n_google_rank_higher": 961,
  "spearman_rank_correlation": 0.7058790926170525,
  "contingency_rank_pairs_lte_12": {
    "g12_o3": 11,
    "g1_o6": 8,
    "g1_o2": 43,
    "g4_o4": 8,
    "g3_o4": 19,
    "g3_o7": 8,
    "g1_o7": 7,
    "g1_o5": 10,
    "g2_o4": 22,
    "g3_o2": 21,
    "g0_o1": 24,
    "g2_o0": 23,
    "g2_o2": 31,
    "g3_o5": 13,
    "g2_o7": 6,
    "g1_o3": 20,
    "g1_o11": 2,
    "g3_o9": 4,
    "g0_o2": 21,
    "g2_o3": 21,
    "g2_o1": 38,
    "g2_o5": 12,
    "g1_o8": 2,
    "g0_o3": 16,
    "g1_o1": 25,
    "g0_o4": 4,
    "g1_o0": 22,
    "g0_o12": 4,
    "g4_o10": 4,
    "g3_o1": 25,
    "g3_o6": 8,
    "g3_o0": 8,
    "g3_o10": 3,
    "g2_o6": 8,
    "g0_o5": 4,
    "g0_o0": 16,
    "g1_o10": 1,
    "g4_o9": 5,
    "g3_o3": 16,
    "g0_o7": 4,
    "g6_o7": 7,
    "g10_o4": 8,
    "g10_o1": 12,
    "g5_o4": 15,
    "g9_o8": 8,
    "g12_o2": 9,
    "g4_o5": 7,
    "g10_o7": 4,
    "g7_o2": 12,
    "g10_o3": 9,
    "g12_o1": 7,
    "g10_o2": 7,
    "g9_o3": 5,
    "g9_o0": 10,
    "g11_o4": 5,
    "g5_o0": 10,
    "g6_o0": 11,
    "g7_o9": 4,
    "g4_o0": 8,
    "g8_o9": 5,
    "g6_o12": 1,
    "g5_o3": 17,
    "g6_o1": 14,
    "g6_o9": 5,
    "g11_o3": 9,
    "g5_o7": 7,
    "g4_o1": 8,
    "g8_o4": 7,
    "g7_o0": 9,
    "g7_o4": 10,
    "g7_o1": 15,
    "g9_o1": 6,
    "g12_o11": 2,
    "g11_o5": 8,
    "g1_o12": 1,
    "g9_o6": 9,
    "g9_o11": 4,
    "g4_o12": 1,
    "g9_o4": 11,
    "g11_o9": 3,
    "g10_o6": 6,
    "g5_o6": 9,
    "g5_o2": 14,
    "g10_o5": 6,
    "g10_o8": 2,
    "g12_o12": 1,
    "g11_o2": 10,
    "g12_o6": 1,
    "g12_o9": 2,
    "g7_o3": 18,
    "g10_o0": 6,
    "g12_o8": 2,
    "g6_o3": 6,
    "g8_o5": 8,
    "g7_o10": 5,
    "g8_o1": 10,
    "g12_o7": 2,
    "g8_o8": 5,
    "g9_o12": 3,
    "g12_o0": 3,
    "g11_o0": 7,
    "g8_o6": 7,
    "g8_o0": 5,
    "g7_o7": 3,
    "g1_o9": 4,
    "g6_o4": 7,
    "g8_o2": 11,
    "g7_o8": 8,
    "g9_o2": 8,
    "g8_o11": 1,
    "g12_o5": 5,
    "g5_o1": 12,
    "g4_o6": 7,
    "g6_o11": 4,
    "g4_o2": 12,
    "g11_o8": 3,
    "g5_o5": 12,
    "g5_o9": 4,
    "g11_o6": 3,
    "g4_o3": 18,
    "g11_o1": 4,
    "g6_o5": 9,
    "g2_o11": 2,
    "g3_o8": 4,
    "g9_o9": 2,
    "g10_o9": 5,
    "g7_o11": 4,
    "g9_o7": 3,
    "g6_o2": 16,
    "g5_o12": 4,
    "g11_o10": 2,
    "g1_o4": 8,
    "g8_o7": 1,
    "g11_o11": 1,
    "g2_o9": 3,
    "g4_o7": 4,
    "g4_o8": 10,
    "g2_o8": 2,
    "g7_o5": 8,
    "g0_o6": 1,
    "g3_o11": 3,
    "g9_o5": 4,
    "g10_o10": 3,
    "g9_o10": 2,
    "g2_o12": 2,
    "g7_o6": 5,
    "g11_o7": 4,
    "g0_o10": 1,
    "g6_o8": 2,
    "g10_o11": 1,
    "g6_o6": 2,
    "g6_o10": 3,
    "g4_o11": 2,
    "g8_o3": 3,
    "g12_o4": 2,
    "g5_o8": 3,
    "g0_o8": 1,
    "g2_o10": 3,
    "g8_o10": 3,
    "g3_o12": 1,
    "g8_o12": 2
  },
  "among_google_f0_n": 100,
  "among_google_f0_same_rank_frac": 0.16,
  "among_openai_f0_n": 144,
  "among_openai_f0_same_rank_frac": 0.1111
}