evaluator,species_id,n_topic_dominated,n_f0_global,obs_stat,p_raw,n_perm,p_holm,reject_at_0p05,holm_rank
openai,2415,25,144,0.944807,0.0005,2000,0.0045,True,1
openai,2421,136,144,0.657547,0.0005,2000,0.0045,True,2
openai,2422,84,144,0.961737,0.0005,2000,0.0045,True,3
openai,2423,43,144,0.906656,0.0005,2000,0.0045,True,4
openai,2424,50,144,0.931196,0.0005,2000,0.0045,True,5
openai,2425,24,144,0.898572,0.0005,2000,0.0045,True,6
openai,2426,59,144,0.952447,0.0005,2000,0.0045,True,7
openai,2427,6,144,0.955097,0.0005,2000,0.0045,True,8
openai,2428,8,144,0.984202,0.0005,2000,0.0045,True,9
