{
  "n_runs": 5,
  "total_species": 99,
  "mean_species_per_run": 21.0,
  "std_species_per_run": 5.916079783099616,
  "mean_separation_ratio": 1.9261091552140066,
  "mean_inter_distance": 0.8557914733886719,
  "mean_intra_distance": 0.448900997511467,
  "max_toxicity_overall": 0.7308,
  "median_max_toxicity": 0.0931
}